Sample,RNA_SampleName,SampleNameOnly,SimplifiedSampleName,DifferentialGroup,NearestUnaffected,Donor,FAP,DiseaseState,Size,Location,Batch,Dissociation,Polyp-Type,Dysplasia,HGD,LGD,Percent_HGD,Percent_LGD,Percent_sample_wo_neoplasia_overall,Percent_sample_w_cancer_overall,Percent_sample_w_any_degree_dysplasia_overall,Pathologist0_PolypType,Pathologist0_HGD,Pathologist0_LGD,Pathologist0_Percent_of_neoplastic_cell_nuclei_as_a_total_of_all_cell_nuclei_in_tumor_ONLY_area,Pathologist0_Percent_nondysplastic_stroma,Pathologist0_Percent_Entire_Tissue_Dysplastic
A001-C-002-D,,A001-C-002,A001-C-002,A001-C-002,A001-C-023,A001,Y,Polyp,Large,Descending,3,Dounce,TA,y,n,y,0,100,0,0,100,Normal,,,,,0
A001-C-007-D,A001-C-007,A001-C-007,A001-C-007,A001-C-007,A001-C-023,A001,Y,Adenocarcinoma,Adenocarcinoma,Descending,3,Dounce,Adenocarcinoma,y,n,y,0,100,25,70,5,Adenocarcinoma,,,65,35,50
A001-C-014-D,A001-C-014,A001-C-014,A001-C-014,A001-C-014,A001-C-023,A001,Y,Polyp,Large,Descending,3,Dounce,TA,y,n,y,0,100,67,0,33,Normal,,,,,0
A001-C-023-D-R1,,A001-C-023,A001_Unaffected_Descending,Unaffected,A001-C-023,A001,Y,Unaffected,,Descending,2,Dounce,Normal,n,n,n,0,0,100,0,0,Normal,,,,,0
A001-C-023-D-R2,A001-C-023,A001-C-023,A001_Unaffected_Descending,Unaffected,A001-C-023,A001,Y,Unaffected,,Descending,3,Dounce,Normal,n,n,n,0,0,100,0,0,Normal,,,,,0
A001-C-104-D-R1,,A001-C-104,A001-C-104,A001-C-104,A001-C-124,A001,Y,Polyp,Medium,Transverse,2,Dounce,?tsa vs hp,y,n,y,0,100,30,0,70,Normal,,,,,0
A001-C-104-D-R2,A001-C-104,A001-C-104,A001-C-104,A001-C-104,A001-C-124,A001,Y,Polyp,Medium,Transverse,3,Dounce,?tsa vs hp,y,n,y,0,100,30,0,70,Normal,,,,,0
A001-C-108-D,A001-C-108,A001-C-108,A001-C-108,A001-C-108,A001-C-124,A001,Y,Polyp,Large,Transverse,3,Dounce,?tsa vs hp,y,n,y,0,100,50,0,50,Normal,,,,,0
A001-C-119-D,A001-C-119,A001-C-119,A001-C-119,A001-C-119,A001-C-124,A001,Y,Polyp,Large,Transverse,3,Dounce,TA,y,n,y,0,100,60,0,40,TA,n,y,15,60,10
A001-C-123-D,,A001-C-123,A001_Unaffected_Transverse,Unaffected,A001-C-124,A001,Y,Unaffected,,Transverse,3,Dounce,Normal,n,n,n,0,0,100,0,0,Normal,,,,,0
A001-C-124-D-R1,,A001-C-124,A001_Unaffected_Transverse,Unaffected,A001-C-124,A001,Y,Unaffected,,Transverse,2,Dounce,Normal,n,n,n,0,0,100,0,0,Normal,,,,,0
A001-C-124-D-R2,A001-C-124,A001-C-124,A001_Unaffected_Transverse,Unaffected,A001-C-124,A001,Y,Unaffected,,Transverse,3,Dounce,Normal,n,n,n,0,0,100,0,0,TA,n,y,5,60,3
A001-C-202-D,A001-C-202,A001-C-202,A001-C-202,A001-C-202,A001-C-223,A001,Y,Polyp,Medium,Ascending,3,Dounce,Normal,n,n,n,0,0,100,0,0,TA,n,y,5,55,3
A001-C-203-D,A001-C-203,A001-C-203,A001-C-203,A001-C-203,A001-C-223,A001,Y,Polyp,Medium,Ascending,3,Dounce,TA,y,n,y,0,100,85,0,15,TA,n,y,20,50,12.5
A001-C-207-D,A001-C-207,A001-C-207,A001-C-207,A001-C-207,A001-C-223,A001,Y,Polyp,Large,Ascending,3,Dounce,TA,y,n,y,0,100,30,0,70,TA,n,y,10,50,5
A001-C-218-D,,A001-C-218,A001-C-218,A001-C-218,A001-C-223,A001,Y,Polyp,Medium,Ascending,3,Dounce,TA,y,n,y,0,100,40,0,60,Normal,,,,,0
A001-C-223-D,A001-C-223,A001-C-223,A001_Unaffected_Ascending,Unaffected,A001-C-223,A001,Y,Unaffected,,Ascending,3,Dounce,Normal,n,n,n,0,0,100,0,0,Normal,,,,,0
A002-C-010-D-R1,A002-C-010-R0,A002-C-010,A002-C-010,A002-C-010,A002-C-025,A002,Y,Polyp,Large,Descending,2,Dounce,TA,y,n,y,0,100,0,0,100,TA,n,y,20,50,15
A002-C-010-D,A002-C-010,A002-C-010,A002-C-010,A002-C-010,A002-C-025,A002,Y,Polyp,Large,Descending,3,Dounce,TA,y,n,y,0,100,0,0,100,TA,n,y,20,50,15
A002-C-010-S2,,A002-C-010,A002-C-010,A002-C-010,A002-C-025,A002,Y,Polyp,Large,Descending,2,S2,TA,y,n,y,0,100,0,0,100,TA,n,y,20,50,15
A002-C-016-D,A002-C-016,A002-C-016,A002-C-016,A002-C-016,A002-C-025,A002,Y,Polyp,Large,Descending,3,Dounce,TA,y,n,y,0,100,80,0,20,TA,n,y,25,40,20
A002-C-021-D,A002-C-021,A002-C-021,A002-C-021,A002-C-021,A002-C-025,A002,Y,Polyp,Medium,Descending,3,Dounce,TA,y,n,y,0,100,95,0,5,TA,n,y,5,40,1
A002-C-024-D,A002-C-024,A002-C-024,A002_Unaffected_Descending,Unaffected,A002-C-025,A002,Y,Unaffected,,Descending,3,Dounce,,,,,,,,,,,,,,,0
A002-C-025-D,,A002-C-025,A002_Unaffected_Descending,Unaffected,A002-C-025,A002,Y,Unaffected,,Descending,2,Dounce,Normal,n,n,n,0,0,100,0,0,Normal,,,,,0
A002-C-025-S2,,A002-C-025,A002_Unaffected_Descending,Unaffected,A002-C-025,A002,Y,Unaffected,,Descending,2,S2,Normal,n,n,n,0,0,100,0,0,Normal,,,,,0
A002-C-106-D,A002-C-106,A002-C-106,A002-C-106,A002-C-106,A002-C-121,A002,Y,Polyp,Large,Transverse,3,Dounce,TA,y,n,y,0,100,0,0,100,TA,n,y,90,20,80
A002-C-114-D,A002-C-114,A002-C-114,A002-C-114,A002-C-114,A002-C-121,A002,Y,Polyp,Medium,Transverse,3,Dounce,TA,y,n,y,0,100,50,0,50,TA,,,40,20,27
,A002-C-116,A002-C-116,A002-C-116,A002-C-116,A002-C-121,A002,Y,Polyp,Large,Transverse,3,Dounce,TA,y,n,y,0,100,50,0,50,TA,,,50,20,35
A002-C-116-D,,A002-C-116,A002-C-116,A002-C-116,A002-C-121,A002,Y,Polyp,Large,Transverse,2,Dounce,TA,y,n,y,0,100,50,0,50,TA,,,50,20,35
A002-C-116-S2,,A002-C-116,A002-C-116,A002-C-116,A002-C-121,A002,Y,Polyp,Large,Transverse,2,S2,TA,y,n,y,0,100,50,0,50,TA,,,50,20,35
,A002-C-121,A002-C-121,A002_Unaffected_Transverse,Unaffected,A002-C-121,A002,Y,Unaffected,,Transverse,3,Dounce,Normal,n,n,n,0,0,100,0,0,Normal,,,,,0
A002-C-121-D,A002-C-121-R0,A002-C-121,A002_Unaffected_Transverse,Unaffected,A002-C-121,A002,Y,Unaffected,,Transverse,2,Dounce,Normal,n,n,n,0,0,100,0,0,Normal,,,,,0
A002-C-121-S2,,A002-C-121,A002_Unaffected_Transverse,Unaffected,A002-C-121,A002,Y,Unaffected,,Transverse,2,S2,Normal,n,n,n,0,0,100,0,0,Normal,,,,,0
A002-C-201-D,A002-C-201,A002-C-201,A002-C-201,A002-C-201,A002-C-212,A002,Y,Polyp,Large,Ascending,3,Dounce,TA,y,n,y,0,100,25,0,75,TA,,,70,25,60
A002-C-202-D-OCT,,A002-C-202,A002-C-202,A002-C-202,A002-C-212,A002,Y,Polyp,Large,Ascending,2,Dounce,TA,y,n,y,0,100,0,0,100,TA,,,80,20,100
A002-C-202-S2-OCT,,A002-C-202,A002-C-202,A002-C-202,A002-C-212,A002,Y,Polyp,Large,Ascending,2,S2,TA,y,n,y,0,100,0,0,100,TA,,,80,20,100
A002-C-203-D,A002-C-203,A002-C-203,A002-C-203,A002-C-203,A002-C-212,A002,Y,Polyp,Large,Ascending,3,Dounce,TA,y,n,y,0,100,10,0,90,TA,n,y,85,20,75
A002-C-204-D,A002-C-204,A002-C-204,A002-C-204,A002-C-204,A002-C-212,A002,Y,Polyp,Small,Ascending,3,Dounce,TA,y,n,y,0,100,50,0,50,TA,,,10,60,3
A002-C-205-D,A002-C-205,A002-C-205,A002-C-205,A002-C-205,A002-C-212,A002,Y,Polyp,Medium,Ascending,3,Dounce,TA,y,n,y,0,100,90,0,10,TA,,,15,40,7
A002-C-212-D,A002-C-212,A002-C-212,A002_Unaffected_Ascending,Unaffected,A002-C-212,A002,Y,Unaffected,,Ascending,3,Dounce,Normal,n,n,n,0,0,100,0,0,Normal,,,,,0
A002-C-213-D-OCT,,A002-C-213,A002_Unaffected_Ascending,Unaffected,A002-C-212,A002,Y,Unaffected,,Ascending,2,Dounce,Normal,n,n,n,0,0,100,0,0,Normal,,,,,0
A002-C-213-S2-OCT,,A002-C-213,A002_Unaffected_Ascending,Unaffected,A002-C-212,A002,Y,Unaffected,,Ascending,2,S2,Normal,n,n,n,0,0,100,0,0,Normal,,,,,0
A008-E-008-D,A008-E-008,A008-E-008,A008-E-008,A008-E-008,A002-C-212,A008,Y,Polyp,Medium,Ascending,3,Dounce,,,,,,,,,,,,,,,
A008-E-015-D,A008-E-015,A008-E-015,A008-E-015,A008-E-015,A002-C-025,A008,Y,Polyp,Medium,Descending,3,Dounce,,,,,,,,,,,,,,,
A010-E-018-D,A010-E-018,A010-E-018,A010-E-018,A010-E-018,A002-C-212,A010,Y,Polyp,Medium,Ascending,3,Dounce,,,,,,,,,,,,,,,
A010-E-023-D,A010-E-023,A010-E-023,A010-E-023,A010-E-023,A002-C-212,A010,Y,Polyp,Medium,Ascending,3,Dounce,,,,,,,,,,,,,,,
A014-C-001-D,A014-C-001,A014-C-001,A014-C-001,A014-C-001,A014-C-054,A014,Y,Polyp,Large,Descending,3,Dounce,TA,y,n,y,0,100,5,0,95,,,,,,
A014-C-002-D,,A014-C-002,A014-C-002,A014-C-002,A014-C-052,A014,Y,Polyp,Large,Rectum,3,Dounce,TA,y,n,y,0,100,10,0,90,,,,,,
A014-C-008-D,A014-C-008,A014-C-008,A014-C-008,A014-C-008,A014-C-052,A014,Y,Polyp,Medium,Rectum,3,Dounce,TA,y,n,y,0,100,0,0,100,,,,,,
A014-C-013-D,,A014-C-013,A014-C-013,A014-C-013,A014-C-054,A014,Y,Polyp,Medium,Descending,3,Dounce,TA,y,n,y,0,100,0,0,100,,,,,,
A014-C-040-D,A014-C-040,A014-C-040,A014-C-040,A014-C-040,A014-C-054,A014,Y,Polyp,Large,Descending,3,Dounce,TA,y,n,y,0,100,0,0,100,,,,,,
A014-C-043-D,A014-C-043,A014-C-043,A014-C-043,A014-C-043,A014-C-054,A014,Y,Polyp,Medium,Descending,3,Dounce,TA,y,n,y,0,100,0,0,100,,,,,,
A014-C-052-D,A014-C-052,A014-C-052,A014_Unaffected_Rectum,Unaffected,A014-C-052,A014,Y,Unaffected,,Rectum,3,Dounce,Normal,n,n,n,0,0,100,0,0,,,,,,
A014-C-054-D,A014-C-054,A014-C-054,A014_Unaffected_Descending,Unaffected,A014-C-054,A014,Y,Unaffected,,Descending,3,Dounce,Normal,n,n,n,0,0,100,0,0,,,,,,
A014-C-101-D,A014-C-101,A014-C-101,A014-C-101,A014-C-101,A014-C-114,A014,Y,Polyp,Medium,Transverse,3,Dounce,TA,y,n,y,0,100,90,0,10,,,,,,
A014-C-108-D,A014-C-108,A014-C-108,A014-C-108,A014-C-108,A014-C-114,A014,Y,Polyp,Medium,Transverse,3,Dounce,Normal,n,n,n,0,0,100,0,0,,,,,,
A014-C-111-D,A014-C-111,A014-C-111,A014_Unaffected_Transverse,Unaffected,A014-C-114,A014,Y,Unaffected,,Transverse,3,Dounce,,,,,,,,,,,,,,,
A014-C-114-D,A014-C-114,A014-C-114,A014_Unaffected_Transverse,Unaffected,A014-C-114,A014,Y,Unaffected,,Transverse,3,Dounce,Normal,n,n,n,0,0,100,0,0,,,,,,
A014-C-201-D,A014-C-201,A014-C-201,A014_Unaffected_Ascending,Unaffected,A014-C-201,A014,Y,Unaffected,,Ascending,3,Dounce,,,,,,,,,,,,,,,
A015-C-001-D,A015-C-001,A015-C-001,A015-C-001,A015-C-001,A015-C-008,A015,Y,Adenocarcinoma,Adenocarcinoma,Rectum,3,Dounce,Normal,n,n,n,0,0,100,0,0,,,,,,
A015-C-002-D,A015-C-002,A015-C-002,A015-C-002,A015-C-002,A015-C-008,A015,Y,Polyp,,Descending,3,Dounce,TA,y,n,y,0,100,20,0,80,,,,,,
A015-C-005-D,A015-C-005,A015-C-005,A015-C-005,A015-C-005,A015-C-008,A015,Y,Polyp,Small,Rectum,3,Dounce,,,,,,,,,,,,,,,
A015-C-006-D,A015-C-006,A015-C-006,A015-C-006,A015-C-006,A015-C-008,A015,Y,Polyp,Medium,Rectum,3,Dounce,,,,,,,,,,,,,,,
A015-C-008-D,A015-C-008,A015-C-008,A015_Unaffected_Rectum,Unaffected,A015-C-008,A015,Y,Unaffected,,Rectum,3,Dounce,Normal,n,n,n,0,0,100,0,0,,,,,,
A015-C-010-D-R2,A015-C-010,A015-C-010,A015_Unaffected_Descending,Unaffected,A015-C-008,A015,Y,Unaffected,,Descending,3,Dounce,,,,,,,,,,,,,,,
A015-C-102-D,,A015-C-102,A015-C-102,A015-C-102,A015-C-109,A015,Y,Polyp,Large,Transverse,3,Dounce,TA,y,n,y,0,100,80,0,20,,,,,,
A015-C-104-D,A015-C-104,A015-C-104,A015-C-104,A015-C-104,A015-C-109,A015,Y,Polyp,Medium,Transverse,3,Dounce,TA,y,n,y,0,100,60,0,40,,,,,,
A015-C-106-D,A015-C-106,A015-C-106,A015-C-106,A015-C-106,A015-C-109,A015,Y,Polyp,Medium,Transverse,3,Dounce,,,,,,,,,,,,,,,
A015-C-109-D,A015-C-109,A015-C-109,A015_Unaffected_Transverse,A015-C-109,A015-C-109,A015,Y,Unaffected,,Transverse,3,Dounce,TA,y,n,y,0,100,60,0,40,,,,,,
A015-C-202-D,A015-C-202,A015-C-202,A015-C-202,A015-C-202,A015-C-208,A015,Y,Polyp,Large,Ascending,3,Dounce,TA,y,n,y,0,100,90,0,10,,,,,,
A015-C-203-D,A015-C-203,A015-C-203,A015-C-203,A015-C-203,A015-C-208,A015,Y,Polyp,Medium,Ascending,3,Dounce,TA,y,n,y,0,100,70,0,30,,,,,,
A015-C-204-D,A015-C-204,A015-C-204,A015-C-204,A015-C-204,A015-C-208,A015,Y,Polyp,Large,Ascending,3,Dounce,TA,y,n,y,0,100,80,0,20,,,,,,
A015-C-206-D,,A015-C-206,A015_Unaffected_Ascending,A015-C-206,A015-C-208,A015,Y,Unaffected,,Ascending,3,Dounce,TA,y,n,y,0,100,70,0,30,,,,,,
A015-C-208-D,A015-C-208,A015-C-208,A015_Unaffected_Ascending,A015-C-208,A015-C-208,A015,Y,Unaffected,,Ascending,3,Dounce,TA,y,n,y,0,100,70,0,30,,,,,,
A018-E-013-D,A018-E-013,A018-E-013,A018-E-013,A018-E-013,A002-C-212,A018,Y,Polyp,Medium,Ascending,3,Dounce,,,,,,,,,,,,,,,
A018-E-020-D,A018-E-020,A018-E-020,A018-E-020,A018-E-020,A002-C-121,A018,Y,Polyp,Small,Transverse,3,Dounce,,,,,,,,,,,,,,,
A022-E-002-D,A022-E-022,A022-E-002,A022-E-002,A022-E-002,B001-A-401,A022,N,Polyp,Small,Hepatic flexure,3,Dounce,,,,,,,,,,,,,,,
B001-A-001-D,,B001-A-001,NormalMid-jejunum,NormalMid-jejunum,B001-A-001,B001,N,Normal,,Mid-jejunum,3,Dounce,,,,,,,,,,,,,,,
B001-A-006-D,,B001-A-006,NormalIleum,NormalIleum,B001-A-006,B001,N,Normal,,Ileum,3,Dounce,,,,,,,,,,,,,,,
B001-A-101-D,,B001-A-101,NormalProximal-jejunum,NormalProximal-jejunum,B001-A-101,B001,N,Normal,,Proximal-jejunum,3,Dounce,Normal,n,n,n,0,0,100,0,0,,,,,,
B001-A-201-D,,B001-A-201,NormalDuodenum,NormalDuodenum,B001-A-201,B001,N,Normal,,Duodenum,3,Dounce,Normal,n,n,n,0,0,100,0,0,,,,,,
B001-A-301-D,B001-A-301,B001-A-301,NormalColon,NormalColon,B001-A-301,B001,N,Normal,,Sigmoid,3,Dounce,Normal,n,n,n,0,0,100,0,0,,,,,,
B001-A-302-D,,B001-A-302,NormalColon,NormalColon,B001-A-302,B001,N,Normal,,Sigmoid,3,Dounce,,,,,,,,,,,,,,,
B001-A-401-D,B001-A-401,B001-A-401,NormalColon,NormalColon,B001-A-401,B001,N,Normal,,Transverse,3,Dounce,,,,,,,,,,,,,,,
B001-A-406-D,B001-A-406,B001-A-406,NormalColon,NormalColon,B001-A-406,B001,N,Normal,,Descending,3,Dounce,Normal,n,n,n,0,0,100,0,0,,,,,,
B001-A-501-D,B001-A-501,B001-A-501,NormalColon,NormalColon,B001-A-501,B001,N,Normal,,Ascending,3,Dounce,Normal,n,n,n,0,0,100,0,0,,,,,,
B004-A-004-D,B004-A-004,B004-A-004,NormalColon,NormalColon,B004-A-004,B004,N,Normal,,Sigmoid,3,Dounce,,,,,,,,,,,,,,,
B004-A-004-D-R2,,B004-A-004,NormalColon,NormalColon,B004-A-004,B004,N,Normal,,Sigmoid,3,Dounce,,,,,,,,,,,,,,,
B004-A-008-D,B004-A-008,B004-A-008,NormalColon,NormalColon,B004-A-008,B004,N,Normal,,Descending,3,Dounce,,,,,,,,,,,,,,,
B004-A-104-D,B004-A-104,B004-A-104,NormalColon,NormalColon,B004-A-104,B004,N,Normal,,Transverse,3,Dounce,,,,,,,,,,,,,,,
B004-A-104-D-R2,,B004-A-104,NormalColon,NormalColon,B004-A-104,B004,N,Normal,,Transverse,3,Dounce,,,,,,,,,,,,,,,
B004-A-204-D,B004-A-204,B004-A-204,NormalColon,NormalColon,B004-A-204,B004,N,Normal,,Ascending,3,Dounce,,,,,,,,,,,,,,,
B004-A-304-D,,B004-A-304,NormalIleum,NormalIleum,B004-A-304,B004,N,Normal,,Ileum,3,Dounce,,,,,,,,,,,,,,,
B004-A-404-D,,B004-A-404,NormalMid-jejunum,NormalMid-jejunum,B004-A-404,B004,N,Normal,,Mid-jejunum,3,Dounce,,,,,,,,,,,,,,,
B004-A-404-D-R2,,B004-A-404,NormalMid-jejunum,NormalMid-jejunum,B004-A-404,B004,N,Normal,,Mid-jejunum,3,Dounce,,,,,,,,,,,,,,,
B004-A-408-D,,B004-A-408,NormalProximal-jejunum,NormalProximal-jejunum,B004-A-408,B004,N,Normal,,Proximal-jejunum,3,Dounce,,,,,,,,,,,,,,,
B004-A-504-D,,B004-A-504,NormalDuodenum,NormalDuodenum,B004-A-504,B004,N,Normal,,Duodenum,3,Dounce,,,,,,,,,,,,,,,
EP007-D,EP007,EP007,EP007,EP007,A002-C-212,EP,Y,Polyp,Large,Ascending,3,Dounce,TA,y,n,y,0,100,70,0,30,TA,,y,50,20,40
EP034-D,EP034,EP034,EP034,EP034,A002-C-121,EP,Y,Polyp,Medium,Transverse,3,Dounce,TA,y,n,y,0,100,90,0,10,TA,y,n,50,15,40
EP072B-D,EP072B,EP072B,EP072B,EP072B,A002-C-025,EP,Y,Polyp,Large,Descending,3,Dounce,TA,y,n,y,0,100,70,0,30,TA,y,,5,15,5
EP091-D,EP091,EP091,EP091,EP091,A014-C-052,EP,Y,Polyp,Medium,Rectum,3,Dounce,TA,y,n,y,0,100,50,0,50,TA,n,y,15,45,10
CRC-1-8810-D,CRC1_8810,CRC-1-8810,CRC-1-8810,CRC-1-8810,B001-A-401,CRC1,N,Adenocarcinoma,Adenocarcinoma,,3,Dounce,,,,,,,,,,,,,,,
CRC-2-15564-D,CRC2_15564,CRC-2-15564,CRC-2-15564,CRC-2-15564,B001-A-401,CRC2,N,Adenocarcinoma,Adenocarcinoma,,3,Dounce,,,,,,,,,,,,,,,
CRC-3-11773-D,CRC3_11773,CRC-3-11773,CRC-3-11773,CRC-3-11773,B001-A-401,CRC3,N,Adenocarcinoma,Adenocarcinoma,,3,Dounce,,,,,,,,,,,,,,,
CRC-4-8456-D,,CRC-4-8456,CRC-4-8456,CRC-4-8456,B001-A-401,CRC4,N,Adenocarcinoma,Adenocarcinoma,,3,Dounce,,,,,,,,,,,,,,,